Grafo,Seed,Algoritmo,Fitness,Tiempo,Evaluaciones
CA-GrQc.txt,13,Random,15,0.0615883,1000
CA-GrQc.txt,13,Greedy,24,0.0185208,1
CA-GrQc.txt,13,LSsmall,18,0.0556909,626
CA-GrQc.txt,13,LSall,18,0.0610156,1000
CA-GrQc.txt,13,AGE_SinOrden,11,0.157498,1000
CA-GrQc.txt,13,ES,12,0.379428,770
CA-GrQc.txt,13,BMB,10,0.148875,1000
CA-GrQc.txt,13,ILS,10,0.0353659,200
CA-GrQc.txt,13,GRASP-SIBL,24,0.213967,10
CA-GrQc.txt,13,GRASP-NOBL,22,0.195531,10
CA-GrQc.txt,25,Random,14,0.057464,1000
CA-GrQc.txt,25,Greedy,24,0.019674,1
CA-GrQc.txt,25,LSsmall,12,0.0494572,601
CA-GrQc.txt,25,LSall,13,0.0512802,1000
CA-GrQc.txt,25,AGE_SinOrden,10,0.167567,1000
CA-GrQc.txt,25,ES,10,0.0806891,100
CA-GrQc.txt,25,BMB,10,0.191478,1000
CA-GrQc.txt,25,ILS,10,0.0626231,200
CA-GrQc.txt,25,GRASP-SIBL,14,0.290706,10
CA-GrQc.txt,25,GRASP-NOBL,14,0.185049,10
CA-GrQc.txt,45,Random,15,0.0487052,1000
CA-GrQc.txt,45,Greedy,24,0.0234061,1
CA-GrQc.txt,45,LSsmall,18,0.0734289,601
CA-GrQc.txt,45,LSall,12,0.0469672,1000
CA-GrQc.txt,45,AGE_SinOrden,11,0.181995,1000
CA-GrQc.txt,45,ES,11,0.263171,321
CA-GrQc.txt,45,BMB,15,0.204027,800
CA-GrQc.txt,45,ILS,10,0.038736,200
CA-GrQc.txt,45,GRASP-SIBL,26,0.255736,10
CA-GrQc.txt,45,GRASP-NOBL,26,0.248189,10
CA-GrQc.txt,65,Random,15,0.0645186,1000
CA-GrQc.txt,65,Greedy,24,0.0172724,1
CA-GrQc.txt,65,LSsmall,12,0.0657023,926
CA-GrQc.txt,65,LSall,12,0.0455358,1000
CA-GrQc.txt,65,AGE_SinOrden,11,0.20222,1000
CA-GrQc.txt,65,ES,10,0.0781347,100
CA-GrQc.txt,65,BMB,11,0.211993,1000
CA-GrQc.txt,65,ILS,10,0.0465654,200
CA-GrQc.txt,65,GRASP-SIBL,17,0.1741,10
CA-GrQc.txt,65,GRASP-NOBL,17,0.144485,10
CA-GrQc.txt,89,Random,17,0.0456571,1000
CA-GrQc.txt,89,Greedy,24,0.0261486,1
CA-GrQc.txt,89,LSsmall,12,0.0550783,1000
CA-GrQc.txt,89,LSall,14,0.036852,1000
CA-GrQc.txt,89,AGE_SinOrden,10,0.122384,1000
CA-GrQc.txt,89,ES,16,0.233703,416
CA-GrQc.txt,89,BMB,19,0.131646,500
CA-GrQc.txt,89,ILS,10,0.0253736,200
CA-GrQc.txt,89,GRASP-SIBL,29,0.132679,10
CA-GrQc.txt,89,GRASP-NOBL,28,0.14351,10
CA-GrQc.txt,101,Random,17,0.0466753,1000
CA-GrQc.txt,101,Greedy,24,0.0142949,1
CA-GrQc.txt,101,LSsmall,16,0.0524288,976
CA-GrQc.txt,101,LSall,12,0.0344094,1000
CA-GrQc.txt,101,AGE_SinOrden,17,0.154392,1000
CA-GrQc.txt,101,ES,13,0.0665833,221
CA-GrQc.txt,101,BMB,18,0.157309,300
CA-GrQc.txt,101,ILS,11,0.0353684,214
CA-GrQc.txt,101,GRASP-SIBL,21,0.146024,10
CA-GrQc.txt,101,GRASP-NOBL,21,0.149696,10
CA-GrQc.txt,123,Random,15,0.0380329,1000
CA-GrQc.txt,123,Greedy,24,0.0115184,1
CA-GrQc.txt,123,LSsmall,17,0.0531006,1000
CA-GrQc.txt,123,LSall,12,0.0324228,1000
CA-GrQc.txt,123,AGE_SinOrden,13,0.14167,1000
CA-GrQc.txt,123,ES,13,0.109425,250
CA-GrQc.txt,123,BMB,13,0.123602,700
CA-GrQc.txt,123,ILS,10,0.0236905,200
CA-GrQc.txt,123,GRASP-SIBL,18,0.150634,10
CA-GrQc.txt,123,GRASP-NOBL,19,0.171584,10
CA-GrQc.txt,147,Random,16,0.0362901,1000
CA-GrQc.txt,147,Greedy,24,0.0116061,1
CA-GrQc.txt,147,LSsmall,12,0.0473137,976
CA-GrQc.txt,147,LSall,13,0.032962,1000
CA-GrQc.txt,147,AGE_SinOrden,14,0.162393,1000
CA-GrQc.txt,147,ES,11,0.0972262,231
CA-GrQc.txt,147,BMB,14,0.138592,1000
CA-GrQc.txt,147,ILS,11,0.0240403,200
CA-GrQc.txt,147,GRASP-SIBL,17,0.129869,10
CA-GrQc.txt,147,GRASP-NOBL,17,0.147703,10
CA-GrQc.txt,159,Random,17,0.0387975,1000
CA-GrQc.txt,159,Greedy,24,0.0132219,1
CA-GrQc.txt,159,LSsmall,17,0.0600292,976
CA-GrQc.txt,159,LSall,12,0.0334262,1000
CA-GrQc.txt,159,AGE_SinOrden,10,0.117533,1000
CA-GrQc.txt,159,ES,10,0.0384036,100
CA-GrQc.txt,159,BMB,10,0.116182,1000
CA-GrQc.txt,159,ILS,10,0.0251579,200
CA-GrQc.txt,159,GRASP-SIBL,14,0.132184,10
CA-GrQc.txt,159,GRASP-NOBL,14,0.141879,10
CA-GrQc.txt,181,Random,14,0.0403592,1000
CA-GrQc.txt,181,Greedy,24,0.0138385,1
CA-GrQc.txt,181,LSsmall,12,0.0330341,601
CA-GrQc.txt,181,LSall,13,0.0339025,1000
CA-GrQc.txt,181,AGE_SinOrden,16,0.147986,1000
CA-GrQc.txt,181,ES,13,0.107395,256
CA-GrQc.txt,181,BMB,16,0.132669,900
CA-GrQc.txt,181,ILS,11,0.0302345,229
CA-GrQc.txt,181,GRASP-SIBL,17,0.129838,10
CA-GrQc.txt,181,GRASP-NOBL,20,0.128048,10
CA-GrQc.txt,199,Random,14,0.0358411,1000
CA-GrQc.txt,199,Greedy,24,0.0154605,1
CA-GrQc.txt,199,LSsmall,22,0.0531491,926
CA-GrQc.txt,199,LSall,12,0.0351123,1000
CA-GrQc.txt,199,AGE_SinOrden,11,0.105131,1000
CA-GrQc.txt,199,ES,11,0.07371,190
CA-GrQc.txt,199,BMB,11,0.107053,1000
CA-GrQc.txt,199,ILS,10,0.0209227,200
CA-GrQc.txt,199,GRASP-SIBL,18,0.120466,10
CA-GrQc.txt,199,GRASP-NOBL,22,0.123261,10
CA-GrQc.txt,213,Random,18,0.0402637,1000
CA-GrQc.txt,213,Greedy,24,0.0133818,1
CA-GrQc.txt,213,LSsmall,11,0.0311553,526
CA-GrQc.txt,213,LSall,12,0.0293524,1000
CA-GrQc.txt,213,AGE_SinOrden,10,0.113177,1000
CA-GrQc.txt,213,ES,10,0.0411111,100
CA-GrQc.txt,213,BMB,10,0.112177,1000
CA-GrQc.txt,213,ILS,10,0.0250325,200
CA-GrQc.txt,213,GRASP-SIBL,18,0.131077,10
CA-GrQc.txt,213,GRASP-NOBL,18,0.133023,10
CA-GrQc.txt,237,Random,16,0.0777234,1000
CA-GrQc.txt,237,Greedy,24,0.0127027,1
CA-GrQc.txt,237,LSsmall,12,0.0345753,651
CA-GrQc.txt,237,LSall,14,0.0339584,1000
CA-GrQc.txt,237,AGE_SinOrden,10,0.109976,1000
CA-GrQc.txt,237,ES,10,0.0369706,100
CA-GrQc.txt,237,BMB,10,0.105904,1000
CA-GrQc.txt,237,ILS,10,0.0262638,200
CA-GrQc.txt,237,GRASP-SIBL,10,0.130475,10
CA-GrQc.txt,237,GRASP-NOBL,10,0.137155,10
CA-GrQc.txt,251,Random,16,0.0462796,1000
CA-GrQc.txt,251,Greedy,24,0.0213408,1
CA-GrQc.txt,251,LSsmall,13,0.0432988,651
CA-GrQc.txt,251,LSall,17,0.0395062,1000
CA-GrQc.txt,251,AGE_SinOrden,10,0.10888,1000
CA-GrQc.txt,251,ES,10,0.0365093,100
CA-GrQc.txt,251,BMB,10,0.112893,1000
CA-GrQc.txt,251,ILS,10,0.0300181,200
CA-GrQc.txt,251,GRASP-SIBL,14,0.134509,10
CA-GrQc.txt,251,GRASP-NOBL,14,0.13415,10
CA-GrQc.txt,269,Random,16,0.0415844,1000
CA-GrQc.txt,269,Greedy,24,0.016267,1
CA-GrQc.txt,269,LSsmall,12,0.0348921,601
CA-GrQc.txt,269,LSall,12,0.0365157,1000
CA-GrQc.txt,269,AGE_SinOrden,12,0.125741,1000
CA-GrQc.txt,269,ES,11,0.115182,276
CA-GrQc.txt,269,BMB,12,0.130854,1000
CA-GrQc.txt,269,ILS,11,0.023574,200
CA-GrQc.txt,269,GRASP-SIBL,31,0.126448,10
CA-GrQc.txt,269,GRASP-NOBL,32,0.128113,10
CA-GrQc.txt,275,Random,14,0.0383934,1000
CA-GrQc.txt,275,Greedy,24,0.013479,1
CA-GrQc.txt,275,LSsmall,15,0.0397486,626
CA-GrQc.txt,275,LSall,14,0.0370283,1000
CA-GrQc.txt,275,AGE_SinOrden,10,0.115226,1000
CA-GrQc.txt,275,ES,10,0.0388991,100
CA-GrQc.txt,275,BMB,10,0.112412,1000
CA-GrQc.txt,275,ILS,10,0.0229581,200
CA-GrQc.txt,275,GRASP-SIBL,10,0.132354,10
CA-GrQc.txt,275,GRASP-NOBL,10,0.134951,10
CA-GrQc.txt,289,Random,17,0.0392285,1000
CA-GrQc.txt,289,Greedy,24,0.0160723,1
CA-GrQc.txt,289,LSsmall,19,0.0531033,1000
CA-GrQc.txt,289,LSall,14,0.0363098,1000
CA-GrQc.txt,289,AGE_SinOrden,10,0.113944,1000
CA-GrQc.txt,289,ES,10,0.0362491,100
CA-GrQc.txt,289,BMB,10,0.103415,1000
CA-GrQc.txt,289,ILS,10,0.0226,200
CA-GrQc.txt,289,GRASP-SIBL,15,0.126207,10
CA-GrQc.txt,289,GRASP-NOBL,15,0.127894,10
CA-GrQc.txt,307,Random,15,0.0440866,1000
CA-GrQc.txt,307,Greedy,24,0.0155228,1
CA-GrQc.txt,307,LSsmall,17,0.034382,526
CA-GrQc.txt,307,LSall,12,0.0327978,1000
CA-GrQc.txt,307,AGE_SinOrden,11,0.108976,1000
CA-GrQc.txt,307,ES,10,0.0356602,100
CA-GrQc.txt,307,BMB,10,0.10816,1000
CA-GrQc.txt,307,ILS,10,0.0227788,200
CA-GrQc.txt,307,GRASP-SIBL,26,0.131236,10
CA-GrQc.txt,307,GRASP-NOBL,26,0.135024,10
CA-GrQc.txt,333,Random,15,0.0385175,1000
CA-GrQc.txt,333,Greedy,24,0.0141721,1
CA-GrQc.txt,333,LSsmall,12,0.0380866,651
CA-GrQc.txt,333,LSall,14,0.0386161,1000
CA-GrQc.txt,333,AGE_SinOrden,10,0.11255,1000
CA-GrQc.txt,333,ES,10,0.0405869,100
CA-GrQc.txt,333,BMB,10,0.105719,1000
CA-GrQc.txt,333,ILS,10,0.0249712,200
CA-GrQc.txt,333,GRASP-SIBL,12,0.134074,10
CA-GrQc.txt,333,GRASP-NOBL,12,0.131108,10
CA-GrQc.txt,345,Random,16,0.0408769,1000
CA-GrQc.txt,345,Greedy,24,0.0180231,1
CA-GrQc.txt,345,LSsmall,13,0.0533389,976
CA-GrQc.txt,345,LSall,14,0.0336731,1000
CA-GrQc.txt,345,AGE_SinOrden,10,0.11079,1000
CA-GrQc.txt,345,ES,10,0.0351827,100
CA-GrQc.txt,345,BMB,10,0.107003,1000
CA-GrQc.txt,345,ILS,10,0.0253154,200
CA-GrQc.txt,345,GRASP-SIBL,10,0.128791,10
CA-GrQc.txt,345,GRASP-NOBL,10,0.131589,10
CA-GrQc.txt,369,Random,17,0.0414072,1000
CA-GrQc.txt,369,Greedy,24,0.0131476,1
CA-GrQc.txt,369,LSsmall,12,0.0394128,751
CA-GrQc.txt,369,LSall,14,0.0276839,1000
CA-GrQc.txt,369,AGE_SinOrden,10,0.115053,1000
CA-GrQc.txt,369,ES,10,0.0397229,100
CA-GrQc.txt,369,BMB,10,0.113596,1000
CA-GrQc.txt,369,ILS,10,0.0236492,200
CA-GrQc.txt,369,GRASP-SIBL,20,0.132028,10
CA-GrQc.txt,369,GRASP-NOBL,20,0.133672,10
CA-GrQc.txt,381,Random,19,0.042304,1000
CA-GrQc.txt,381,Greedy,24,0.0145195,1
CA-GrQc.txt,381,LSsmall,14,0.0412625,776
CA-GrQc.txt,381,LSall,12,0.0323274,1000
CA-GrQc.txt,381,AGE_SinOrden,12,0.151575,1000
CA-GrQc.txt,381,BMB,13,0.128027,400
CA-GrQc.txt,381,ILS,10,0.0220913,200
CA-GrQc.txt,381,GRASP-SIBL,22,0.131887,10
CA-GrQc.txt,381,GRASP-NOBL,22,0.123049,10
CA-GrQc.txt,399,Random,15,0.0404286,1000
CA-GrQc.txt,399,Greedy,24,0.0176655,1
CA-GrQc.txt,399,LSsmall,12,0.0400808,601
CA-GrQc.txt,399,LSall,13,0.0349539,1000
CA-GrQc.txt,399,AGE_SinOrden,10,0.113867,1000
CA-GrQc.txt,399,ES,10,0.0370667,100
CA-GrQc.txt,399,BMB,10,0.106912,1000
CA-GrQc.txt,399,ILS,10,0.0241018,200
CA-GrQc.txt,399,GRASP-SIBL,16,0.14157,10
CA-GrQc.txt,399,GRASP-NOBL,16,0.137471,10
CA-GrQc.txt,421,Random,13,0.0418411,1000
CA-GrQc.txt,421,Greedy,24,0.0149637,1
CA-GrQc.txt,421,LSsmall,12,0.0378908,701
CA-GrQc.txt,421,LSall,13,0.0347432,1000
CA-GrQc.txt,421,AGE_SinOrden,10,0.111024,1000
CA-GrQc.txt,421,ES,10,0.0369822,100
CA-GrQc.txt,421,BMB,11,0.11816,1000
CA-GrQc.txt,421,ILS,10,0.0237901,200
CA-GrQc.txt,421,GRASP-SIBL,20,0.136632,10
CA-GrQc.txt,421,GRASP-NOBL,20,0.164245,10
CA-GrQc.txt,435,Random,18,0.0551456,1000
CA-GrQc.txt,435,Greedy,24,0.0148121,1
CA-GrQc.txt,435,LSsmall,21,0.0584715,1000
CA-GrQc.txt,435,LSall,12,0.0337987,1000
CA-GrQc.txt,435,AGE_SinOrden,12,0.115179,1000
CA-GrQc.txt,435,ES,10,0.0381217,100
CA-GrQc.txt,435,BMB,12,0.130366,1000
CA-GrQc.txt,435,ILS,10,0.02519,200
CA-GrQc.txt,435,GRASP-SIBL,17,0.131647,10
CA-GrQc.txt,435,GRASP-NOBL,15,0.179054,10
CA-GrQc.txt,447,Random,14,0.0337395,1000
CA-GrQc.txt,447,Greedy,24,0.0126039,1
CA-GrQc.txt,447,LSsmall,22,0.0446879,676
CA-GrQc.txt,447,LSall,13,0.0329234,1000
CA-GrQc.txt,447,AGE_SinOrden,15,0.145085,1000
CA-GrQc.txt,447,ES,14,0.108034,343
CA-GrQc.txt,447,BMB,15,0.137482,1000
CA-GrQc.txt,447,ILS,14,0.0360931,244
CA-GrQc.txt,447,GRASP-SIBL,19,0.136872,10
CA-GrQc.txt,447,GRASP-NOBL,19,0.130021,10
CA-GrQc.txt,459,Random,22,0.0379894,1000
CA-GrQc.txt,459,Greedy,24,0.0140387,1
CA-GrQc.txt,459,LSsmall,21,0.0593476,1000
CA-GrQc.txt,459,LSall,14,0.0366312,1000
CA-GrQc.txt,459,AGE_SinOrden,14,0.159919,1000
CA-GrQc.txt,459,ES,13,0.297361,910
CA-GrQc.txt,459,BMB,13,0.123221,800
CA-GrQc.txt,459,ILS,11,0.02642,200
CA-GrQc.txt,459,GRASP-SIBL,20,0.127707,10
CA-GrQc.txt,459,GRASP-NOBL,19,0.1327,10
CA-GrQc.txt,471,Random,20,0.0517373,1000
CA-GrQc.txt,471,Greedy,24,0.0183443,1
CA-GrQc.txt,471,LSsmall,12,0.0360876,526
CA-GrQc.txt,471,LSall,12,0.0379574,1000
CA-GrQc.txt,471,AGE_SinOrden,11,0.127676,1000
CA-GrQc.txt,471,ES,11,0.12007,276
CA-GrQc.txt,471,BMB,11,0.11523,1000
CA-GrQc.txt,471,ILS,11,0.0241184,200
CA-GrQc.txt,471,GRASP-SIBL,16,0.127217,10
CA-GrQc.txt,471,GRASP-NOBL,16,0.138056,10
CA-GrQc.txt,487,Random,16,0.0347366,1000
CA-GrQc.txt,487,Greedy,24,0.0124477,1
CA-GrQc.txt,487,LSsmall,22,0.0398407,626
CA-GrQc.txt,487,LSall,13,0.0333424,1000
CA-GrQc.txt,487,AGE_SinOrden,13,0.144279,1000
CA-GrQc.txt,487,ES,13,0.333254,675
CA-GrQc.txt,487,BMB,15,0.189741,900
CA-GrQc.txt,487,ILS,12,0.0332384,200
CA-GrQc.txt,487,GRASP-SIBL,17,0.132648,10
CA-GrQc.txt,487,GRASP-NOBL,17,0.12265,10
CA-GrQc.txt,499,Random,13,0.0353448,1000
CA-GrQc.txt,499,Greedy,24,0.0117786,1
CA-GrQc.txt,499,LSsmall,12,0.0353423,626
CA-GrQc.txt,499,LSall,13,0.0327843,1000
CA-GrQc.txt,499,AGE_SinOrden,10,0.109298,1000
CA-GrQc.txt,499,ES,10,0.0360961,100
CA-GrQc.txt,499,BMB,10,0.1025,1000
CA-GrQc.txt,499,ILS,10,0.0247198,200
CA-GrQc.txt,499,GRASP-SIBL,18,0.135586,10
CA-GrQc.txt,499,GRASP-NOBL,18,0.132428,10
p2p-Gnutella05.txt,13,Random,14,0.0452356,1000
p2p-Gnutella05.txt,13,Greedy,16,0.00996283,1
p2p-Gnutella05.txt,13,LSsmall,14,0.0328483,651
p2p-Gnutella05.txt,13,LSall,13,0.0358091,1000
p2p-Gnutella05.txt,13,AGE_SinOrden,12,0.0731557,1000
p2p-Gnutella05.txt,13,ES,11,0.0537303,340
p2p-Gnutella05.txt,13,BMB,11,0.0587857,1000
p2p-Gnutella05.txt,13,ILS,10,0.0134258,200
p2p-Gnutella05.txt,13,GRASP-SIBL,15,0.0578537,10
p2p-Gnutella05.txt,13,GRASP-NOBL,15,0.055634,10
p2p-Gnutella05.txt,25,Random,15,0.0443432,1000
p2p-Gnutella05.txt,25,Greedy,16,0.0126355,1
p2p-Gnutella05.txt,25,LSsmall,13,0.0298003,526
p2p-Gnutella05.txt,25,LSall,14,0.0387157,1000
p2p-Gnutella05.txt,25,AGE_SinOrden,10,0.055368,1000
p2p-Gnutella05.txt,25,ES,10,0.0139824,100
p2p-Gnutella05.txt,25,BMB,10,0.0555564,1000
p2p-Gnutella05.txt,25,ILS,10,0.0116404,200
p2p-Gnutella05.txt,25,GRASP-SIBL,13,0.0569524,10
p2p-Gnutella05.txt,25,GRASP-NOBL,13,0.0555278,10
p2p-Gnutella05.txt,45,Random,15,0.0421668,1000
p2p-Gnutella05.txt,45,Greedy,16,0.0104247,1
p2p-Gnutella05.txt,45,LSsmall,12,0.0262835,526
p2p-Gnutella05.txt,45,LSall,13,0.0365158,1000
p2p-Gnutella05.txt,45,AGE_SinOrden,13,0.0618524,1000
p2p-Gnutella05.txt,45,ES,11,0.0169383,107
p2p-Gnutella05.txt,45,BMB,11,0.0596175,1000
p2p-Gnutella05.txt,45,ILS,11,0.0130247,200
p2p-Gnutella05.txt,45,GRASP-SIBL,17,0.0666893,10
p2p-Gnutella05.txt,45,GRASP-NOBL,17,0.0557793,10
p2p-Gnutella05.txt,65,Random,15,0.0450423,1000
p2p-Gnutella05.txt,65,Greedy,16,0.0115176,1
p2p-Gnutella05.txt,65,LSsmall,15,0.0392517,851
p2p-Gnutella05.txt,65,LSall,14,0.0372015,1000
p2p-Gnutella05.txt,65,AGE_SinOrden,11,0.06024,1000
p2p-Gnutella05.txt,65,ES,11,0.0183835,124
p2p-Gnutella05.txt,65,BMB,11,0.0580365,1000
p2p-Gnutella05.txt,65,ILS,11,0.0124148,200
p2p-Gnutella05.txt,65,GRASP-SIBL,13,0.057586,10
p2p-Gnutella05.txt,65,GRASP-NOBL,13,0.0604984,10
p2p-Gnutella05.txt,89,Random,14,0.0418684,1000
p2p-Gnutella05.txt,89,Greedy,16,0.0103916,1
p2p-Gnutella05.txt,89,LSsmall,15,0.0305036,576
p2p-Gnutella05.txt,89,LSall,14,0.041302,1000
p2p-Gnutella05.txt,89,AGE_SinOrden,12,0.0830355,1000
p2p-Gnutella05.txt,89,ES,10,0.0162563,100
p2p-Gnutella05.txt,89,BMB,10,0.0549663,1000
p2p-Gnutella05.txt,89,ILS,10,0.0114621,200
p2p-Gnutella05.txt,89,GRASP-SIBL,16,0.0588575,10
p2p-Gnutella05.txt,89,GRASP-NOBL,16,0.0565372,10
p2p-Gnutella05.txt,101,Random,15,0.0431084,1000
p2p-Gnutella05.txt,101,Greedy,16,0.0106413,1
p2p-Gnutella05.txt,101,LSsmall,12,0.0345991,551
p2p-Gnutella05.txt,101,LSall,13,0.0357504,1000
p2p-Gnutella05.txt,101,AGE_SinOrden,13,0.0636671,1000
p2p-Gnutella05.txt,101,ES,13,0.057359,385
p2p-Gnutella05.txt,101,BMB,12,0.0533591,700
p2p-Gnutella05.txt,101,ILS,12,0.013663,208
p2p-Gnutella05.txt,101,GRASP-SIBL,17,0.0520032,10
p2p-Gnutella05.txt,101,GRASP-NOBL,17,0.0531503,10
p2p-Gnutella05.txt,123,Random,15,0.0418238,1000
p2p-Gnutella05.txt,123,Greedy,16,0.00984534,1
p2p-Gnutella05.txt,123,LSsmall,15,0.0339874,776
p2p-Gnutella05.txt,123,LSall,15,0.0367554,1000
p2p-Gnutella05.txt,123,AGE_SinOrden,13,0.0723552,1000
p2p-Gnutella05.txt,123,ES,11,0.0200232,141
p2p-Gnutella05.txt,123,BMB,11,0.0550479,1000
p2p-Gnutella05.txt,123,ILS,10,0.0117275,200
p2p-Gnutella05.txt,123,GRASP-SIBL,14,0.054901,10
p2p-Gnutella05.txt,123,GRASP-NOBL,14,0.0544665,10
p2p-Gnutella05.txt,147,Random,14,0.038415,1000
p2p-Gnutella05.txt,147,Greedy,16,0.0119286,1
p2p-Gnutella05.txt,147,LSsmall,13,0.0264821,526
p2p-Gnutella05.txt,147,LSall,13,0.034579,1000
p2p-Gnutella05.txt,147,AGE_SinOrden,12,0.0661808,1000
p2p-Gnutella05.txt,147,ES,12,0.0276719,186
p2p-Gnutella05.txt,147,BMB,12,0.0613089,1000
p2p-Gnutella05.txt,147,ILS,11,0.0125863,200
p2p-Gnutella05.txt,147,GRASP-SIBL,14,0.0549567,10
p2p-Gnutella05.txt,147,GRASP-NOBL,14,0.0531438,10
p2p-Gnutella05.txt,159,Random,15,0.0405108,1000
p2p-Gnutella05.txt,159,Greedy,16,0.00962428,1
p2p-Gnutella05.txt,159,LSsmall,13,0.0265489,526
p2p-Gnutella05.txt,159,LSall,15,0.0357962,1000
p2p-Gnutella05.txt,159,AGE_SinOrden,10,0.0568766,1000
p2p-Gnutella05.txt,159,ES,10,0.0159181,100
p2p-Gnutella05.txt,159,BMB,10,0.0548467,1000
p2p-Gnutella05.txt,159,ILS,10,0.0113835,200
p2p-Gnutella05.txt,159,GRASP-SIBL,13,0.0602785,10
p2p-Gnutella05.txt,159,GRASP-NOBL,13,0.0574871,10
p2p-Gnutella05.txt,181,Random,14,0.0452821,1000
p2p-Gnutella05.txt,181,Greedy,16,0.0101636,1
p2p-Gnutella05.txt,181,LSsmall,15,0.0363551,726
p2p-Gnutella05.txt,181,LSall,14,0.0373814,1000
p2p-Gnutella05.txt,181,AGE_SinOrden,12,0.0603522,1000
p2p-Gnutella05.txt,181,ES,11,0.0150949,102
p2p-Gnutella05.txt,181,BMB,12,0.0571635,600
p2p-Gnutella05.txt,181,ILS,11,0.0122223,200
p2p-Gnutella05.txt,181,GRASP-SIBL,15,0.061154,10
p2p-Gnutella05.txt,181,GRASP-NOBL,15,0.055387,10
p2p-Gnutella05.txt,199,Random,14,0.0436984,1000
p2p-Gnutella05.txt,199,Greedy,16,0.0121592,1
p2p-Gnutella05.txt,199,LSsmall,12,0.0264888,526
p2p-Gnutella05.txt,199,LSall,12,0.0376096,1000
p2p-Gnutella05.txt,199,AGE_SinOrden,11,0.0687006,1000
p2p-Gnutella05.txt,199,ES,11,0.086477,499
p2p-Gnutella05.txt,199,BMB,11,0.0600412,100
p2p-Gnutella05.txt,199,ILS,10,0.0126161,200
p2p-Gnutella05.txt,199,GRASP-SIBL,13,0.0554618,10
p2p-Gnutella05.txt,199,GRASP-NOBL,13,0.0582712,10
p2p-Gnutella05.txt,213,Random,14,0.0446035,1000
p2p-Gnutella05.txt,213,Greedy,16,0.0103033,1
p2p-Gnutella05.txt,213,LSsmall,15,0.0369626,701
p2p-Gnutella05.txt,213,LSall,14,0.0414833,1000
p2p-Gnutella05.txt,213,AGE_SinOrden,10,0.0588033,1000
p2p-Gnutella05.txt,213,ES,10,0.014162,100
p2p-Gnutella05.txt,213,BMB,10,0.0578212,1000
p2p-Gnutella05.txt,213,ILS,10,0.0119599,200
p2p-Gnutella05.txt,213,GRASP-SIBL,14,0.0579616,10
p2p-Gnutella05.txt,213,GRASP-NOBL,14,0.0573924,10
p2p-Gnutella05.txt,237,Random,14,0.0501804,1000
p2p-Gnutella05.txt,237,Greedy,16,0.0104777,1
p2p-Gnutella05.txt,237,LSsmall,14,0.0340253,676
p2p-Gnutella05.txt,237,LSall,12,0.034429,1000
p2p-Gnutella05.txt,237,AGE_SinOrden,10,0.0560495,1000
p2p-Gnutella05.txt,237,ES,10,0.0217713,100
p2p-Gnutella05.txt,237,BMB,10,0.0564922,1000
p2p-Gnutella05.txt,237,ILS,10,0.0114674,200
p2p-Gnutella05.txt,237,GRASP-SIBL,10,0.0596232,10
p2p-Gnutella05.txt,237,GRASP-NOBL,10,0.0584411,10
p2p-Gnutella05.txt,251,Random,14,0.0403562,1000
p2p-Gnutella05.txt,251,Greedy,16,0.0109863,1
p2p-Gnutella05.txt,251,LSsmall,13,0.0398809,951
p2p-Gnutella05.txt,251,LSall,14,0.0395924,1000
p2p-Gnutella05.txt,251,AGE_SinOrden,10,0.0602135,1000
p2p-Gnutella05.txt,251,ES,10,0.0159716,100
p2p-Gnutella05.txt,251,BMB,10,0.0557448,1000
p2p-Gnutella05.txt,251,ILS,10,0.0134685,200
p2p-Gnutella05.txt,251,GRASP-SIBL,11,0.0556929,10
p2p-Gnutella05.txt,251,GRASP-NOBL,11,0.0592212,10
p2p-Gnutella05.txt,269,Random,14,0.0422994,1000
p2p-Gnutella05.txt,269,Greedy,16,0.0108753,1
p2p-Gnutella05.txt,269,LSsmall,14,0.0415744,876
p2p-Gnutella05.txt,269,LSall,14,0.0397053,1000
p2p-Gnutella05.txt,269,AGE_SinOrden,12,0.0634455,1000
p2p-Gnutella05.txt,269,ES,12,0.0650154,407
p2p-Gnutella05.txt,269,BMB,12,0.0602735,1000
p2p-Gnutella05.txt,269,ILS,12,0.0175594,214
p2p-Gnutella05.txt,269,GRASP-SIBL,20,0.0584319,10
p2p-Gnutella05.txt,269,GRASP-NOBL,20,0.0593652,10
p2p-Gnutella05.txt,275,Random,14,0.0453395,1000
p2p-Gnutella05.txt,275,Greedy,16,0.010287,1
p2p-Gnutella05.txt,275,LSsmall,14,0.0422078,876
p2p-Gnutella05.txt,275,LSall,14,0.0407084,1000
p2p-Gnutella05.txt,275,AGE_SinOrden,10,0.0597526,1000
p2p-Gnutella05.txt,275,ES,10,0.0143704,100
p2p-Gnutella05.txt,275,BMB,10,0.058634,1000
p2p-Gnutella05.txt,275,ILS,10,0.0113067,200
p2p-Gnutella05.txt,275,GRASP-SIBL,10,0.0571862,10
p2p-Gnutella05.txt,275,GRASP-NOBL,10,0.0603461,10
p2p-Gnutella05.txt,289,Random,13,0.0470032,1000
p2p-Gnutella05.txt,289,Greedy,16,0.0120828,1
p2p-Gnutella05.txt,289,LSsmall,14,0.0431342,851
p2p-Gnutella05.txt,289,LSall,14,0.040192,1000
p2p-Gnutella05.txt,289,AGE_SinOrden,10,0.0586372,1000
p2p-Gnutella05.txt,289,ES,10,0.0140925,100
p2p-Gnutella05.txt,289,BMB,10,0.054894,1000
p2p-Gnutella05.txt,289,ILS,10,0.0135709,200
p2p-Gnutella05.txt,289,GRASP-SIBL,12,0.0596473,10
p2p-Gnutella05.txt,289,GRASP-NOBL,12,0.0556218,10
p2p-Gnutella05.txt,307,Random,14,0.0448039,1000
p2p-Gnutella05.txt,307,Greedy,16,0.0104876,1
p2p-Gnutella05.txt,307,LSsmall,14,0.037629,851
p2p-Gnutella05.txt,307,LSall,14,0.0354318,1000
p2p-Gnutella05.txt,307,AGE_SinOrden,11,0.0931552,1000
p2p-Gnutella05.txt,307,ES,10,0.0140293,100
p2p-Gnutella05.txt,307,BMB,10,0.0598701,1000
p2p-Gnutella05.txt,307,ILS,10,0.0111998,200
p2p-Gnutella05.txt,307,GRASP-SIBL,16,0.056,10
p2p-Gnutella05.txt,307,GRASP-NOBL,16,0.0554958,10
p2p-Gnutella05.txt,333,Random,15,0.0373264,1000
p2p-Gnutella05.txt,333,Greedy,16,0.0100565,1
p2p-Gnutella05.txt,333,LSsmall,14,0.0364167,801
p2p-Gnutella05.txt,333,LSall,12,0.0350836,1000
p2p-Gnutella05.txt,333,AGE_SinOrden,10,0.0629436,1000
p2p-Gnutella05.txt,333,ES,10,0.0139178,100
p2p-Gnutella05.txt,333,BMB,10,0.0619646,1000
p2p-Gnutella05.txt,333,ILS,10,0.0115621,200
p2p-Gnutella05.txt,333,GRASP-SIBL,12,0.0555573,10
p2p-Gnutella05.txt,333,GRASP-NOBL,12,0.0584687,10
p2p-Gnutella05.txt,345,Random,15,0.0658117,1000
p2p-Gnutella05.txt,345,Greedy,16,0.0324726,1
p2p-Gnutella05.txt,345,LSsmall,14,0.0473765,801
p2p-Gnutella05.txt,345,LSall,14,0.0366249,1000
p2p-Gnutella05.txt,345,AGE_SinOrden,10,0.0623999,1000
p2p-Gnutella05.txt,345,ES,10,0.0142849,100
p2p-Gnutella05.txt,345,BMB,10,0.0537337,1000
p2p-Gnutella05.txt,345,ILS,10,0.0119183,200
p2p-Gnutella05.txt,345,GRASP-SIBL,10,0.0605116,10
p2p-Gnutella05.txt,345,GRASP-NOBL,10,0.0614325,10
p2p-Gnutella05.txt,369,Random,13,0.04323,1000
p2p-Gnutella05.txt,369,Greedy,16,0.01244,1
p2p-Gnutella05.txt,369,LSsmall,14,0.0363992,776
p2p-Gnutella05.txt,369,LSall,14,0.0414768,1000
p2p-Gnutella05.txt,369,AGE_SinOrden,10,0.0617631,1000
p2p-Gnutella05.txt,369,ES,10,0.0145849,100
p2p-Gnutella05.txt,369,BMB,10,0.0542969,1000
p2p-Gnutella05.txt,369,ILS,10,0.0120301,200
p2p-Gnutella05.txt,369,GRASP-SIBL,15,0.0559102,10
p2p-Gnutella05.txt,369,GRASP-NOBL,15,0.057965,10
p2p-Gnutella05.txt,381,Random,13,0.0415545,1000
p2p-Gnutella05.txt,381,Greedy,16,0.0186831,1
p2p-Gnutella05.txt,381,LSsmall,14,0.0396103,776
p2p-Gnutella05.txt,381,LSall,12,0.0317024,1000
p2p-Gnutella05.txt,381,AGE_SinOrden,11,0.0578649,1000
p2p-Gnutella05.txt,381,ES,11,0.0410458,274
p2p-Gnutella05.txt,381,BMB,11,0.0586495,1000
p2p-Gnutella05.txt,381,ILS,11,0.0140447,216
p2p-Gnutella05.txt,381,GRASP-SIBL,14,0.0556631,10
p2p-Gnutella05.txt,381,GRASP-NOBL,14,0.0567053,10
p2p-Gnutella05.txt,399,Random,13,0.042038,1000
p2p-Gnutella05.txt,399,Greedy,16,0.0115846,1
p2p-Gnutella05.txt,399,LSsmall,14,0.0377378,751
p2p-Gnutella05.txt,399,LSall,14,0.0383474,1000
p2p-Gnutella05.txt,399,AGE_SinOrden,10,0.0595764,1000
p2p-Gnutella05.txt,399,ES,10,0.0176654,100
p2p-Gnutella05.txt,399,BMB,10,0.0616099,1000
p2p-Gnutella05.txt,399,ILS,10,0.0145642,200
p2p-Gnutella05.txt,399,GRASP-SIBL,12,0.0585687,10
p2p-Gnutella05.txt,399,GRASP-NOBL,12,0.0613793,10
p2p-Gnutella05.txt,421,Random,14,0.0476927,1000
p2p-Gnutella05.txt,421,Greedy,16,0.0111786,1
p2p-Gnutella05.txt,421,LSsmall,14,0.0352195,726
p2p-Gnutella05.txt,421,LSall,13,0.0378549,1000
p2p-Gnutella05.txt,421,AGE_SinOrden,11,0.0645747,1000
p2p-Gnutella05.txt,421,ES,11,0.0771644,437
p2p-Gnutella05.txt,421,BMB,11,0.0568495,200
p2p-Gnutella05.txt,421,ILS,10,0.0137639,200
p2p-Gnutella05.txt,421,GRASP-SIBL,17,0.0590815,10
p2p-Gnutella05.txt,421,GRASP-NOBL,17,0.0586149,10
p2p-Gnutella05.txt,435,Random,13,0.0444371,1000
p2p-Gnutella05.txt,435,Greedy,16,0.0100093,1
p2p-Gnutella05.txt,435,LSsmall,14,0.0368991,701
p2p-Gnutella05.txt,435,LSall,14,0.0433476,1000
p2p-Gnutella05.txt,435,AGE_SinOrden,12,0.0670306,1000
p2p-Gnutella05.txt,435,ES,12,0.042606,235
p2p-Gnutella05.txt,435,BMB,11,0.0603435,1000
p2p-Gnutella05.txt,435,ILS,11,0.0146154,200
p2p-Gnutella05.txt,435,GRASP-SIBL,12,0.0585354,10
p2p-Gnutella05.txt,435,GRASP-NOBL,12,0.059034,10
p2p-Gnutella05.txt,447,Random,13,0.0449465,1000
p2p-Gnutella05.txt,447,Greedy,16,0.0110471,1
p2p-Gnutella05.txt,447,LSsmall,14,0.0692094,701
p2p-Gnutella05.txt,447,LSall,14,0.0396077,1000
p2p-Gnutella05.txt,447,AGE_SinOrden,13,0.0625628,1000
p2p-Gnutella05.txt,447,ES,14,0.0471458,286
p2p-Gnutella05.txt,447,BMB,13,0.0647286,1000
p2p-Gnutella05.txt,447,ILS,13,0.0130623,203
p2p-Gnutella05.txt,447,GRASP-SIBL,15,0.0592639,10
p2p-Gnutella05.txt,447,GRASP-NOBL,17,0.0585537,10
p2p-Gnutella05.txt,459,Random,14,0.0381387,1000
p2p-Gnutella05.txt,459,Greedy,16,0.00955408,1
p2p-Gnutella05.txt,459,LSsmall,14,0.0328798,676
p2p-Gnutella05.txt,459,LSall,14,0.0359719,1000
p2p-Gnutella05.txt,459,AGE_SinOrden,11,0.0631861,1000
p2p-Gnutella05.txt,459,ES,11,0.0192366,107
p2p-Gnutella05.txt,459,BMB,11,0.0653924,1000
p2p-Gnutella05.txt,459,ILS,11,0.0123797,200
p2p-Gnutella05.txt,459,GRASP-SIBL,14,0.0574498,10
p2p-Gnutella05.txt,459,GRASP-NOBL,15,0.0572861,10
p2p-Gnutella05.txt,471,Random,14,0.04356,1000
p2p-Gnutella05.txt,471,Greedy,16,0.011394,1
p2p-Gnutella05.txt,471,LSsmall,13,0.045282,851
p2p-Gnutella05.txt,471,LSall,14,0.0446515,1000
p2p-Gnutella05.txt,471,AGE_SinOrden,11,0.0605993,1000
p2p-Gnutella05.txt,471,ES,11,0.0144417,102
p2p-Gnutella05.txt,471,BMB,11,0.0561292,1000
p2p-Gnutella05.txt,471,ILS,11,0.0119367,200
p2p-Gnutella05.txt,471,GRASP-SIBL,12,0.0572908,10
p2p-Gnutella05.txt,471,GRASP-NOBL,12,0.0624465,10
p2p-Gnutella05.txt,487,Random,14,0.0410113,1000
p2p-Gnutella05.txt,487,Greedy,16,0.0105005,1
p2p-Gnutella05.txt,487,LSsmall,12,0.0255589,501
p2p-Gnutella05.txt,487,LSall,12,0.0331144,1000
p2p-Gnutella05.txt,487,AGE_SinOrden,13,0.0710008,1000
p2p-Gnutella05.txt,487,ES,12,0.0228249,127
p2p-Gnutella05.txt,487,BMB,12,0.0586189,1000
p2p-Gnutella05.txt,487,ILS,12,0.0119656,200
p2p-Gnutella05.txt,487,GRASP-SIBL,16,0.0584953,10
p2p-Gnutella05.txt,487,GRASP-NOBL,16,0.0553012,10
p2p-Gnutella05.txt,499,Random,14,0.0401184,1000
p2p-Gnutella05.txt,499,Greedy,16,0.0102861,1
p2p-Gnutella05.txt,499,LSsmall,14,0.0309269,626
p2p-Gnutella05.txt,499,LSall,13,0.0388822,1000
p2p-Gnutella05.txt,499,AGE_SinOrden,10,0.060233,1000
p2p-Gnutella05.txt,499,ES,10,0.0153585,100
p2p-Gnutella05.txt,499,BMB,11,0.0581304,1000
p2p-Gnutella05.txt,499,ILS,10,0.011435,200
p2p-Gnutella05.txt,499,GRASP-SIBL,14,0.0565997,10
p2p-Gnutella05.txt,499,GRASP-NOBL,15,0.0562142,10
p2p-Gnutella08.txt,13,Random,13,0.0373184,1000
p2p-Gnutella08.txt,13,Greedy,14,0.00685182,1
p2p-Gnutella08.txt,13,LSsmall,13,0.0276948,651
p2p-Gnutella08.txt,13,LSall,13,0.0318984,1000
p2p-Gnutella08.txt,13,AGE_SinOrden,11,0.0543114,1000
p2p-Gnutella08.txt,13,ES,10,0.0116021,100
p2p-Gnutella08.txt,13,BMB,10,0.0513944,1000
p2p-Gnutella08.txt,13,ILS,10,0.00961363,200
p2p-Gnutella08.txt,13,GRASP-SIBL,15,0.0437034,10
p2p-Gnutella08.txt,13,GRASP-NOBL,15,0.038814,10
p2p-Gnutella08.txt,25,Random,14,0.0366837,1000
p2p-Gnutella08.txt,25,Greedy,14,0.0393066,1
p2p-Gnutella08.txt,25,LSsmall,13,0.0215227,526
p2p-Gnutella08.txt,25,LSall,13,0.0312879,1000
p2p-Gnutella08.txt,25,AGE_SinOrden,10,0.0511526,1000
p2p-Gnutella08.txt,25,ES,10,0.0107161,100
p2p-Gnutella08.txt,25,BMB,10,0.0481067,1000
p2p-Gnutella08.txt,25,ILS,10,0.00950969,200
p2p-Gnutella08.txt,25,GRASP-SIBL,11,0.0440633,10
p2p-Gnutella08.txt,25,GRASP-NOBL,11,0.0415661,10
p2p-Gnutella08.txt,45,Random,13,0.0375251,1000
p2p-Gnutella08.txt,45,Greedy,14,0.00666274,1
p2p-Gnutella08.txt,45,LSsmall,13,0.0248695,626
p2p-Gnutella08.txt,45,LSall,14,0.036252,1000
p2p-Gnutella08.txt,45,AGE_SinOrden,11,0.0559936,1000
p2p-Gnutella08.txt,45,ES,11,0.0144789,135
p2p-Gnutella08.txt,45,BMB,11,0.049466,1000
p2p-Gnutella08.txt,45,ILS,11,0.0103034,201
p2p-Gnutella08.txt,45,GRASP-SIBL,15,0.0412289,10
p2p-Gnutella08.txt,45,GRASP-NOBL,16,0.043923,10
p2p-Gnutella08.txt,65,Random,14,0.0399499,1000
p2p-Gnutella08.txt,65,Greedy,14,0.00682075,1
p2p-Gnutella08.txt,65,LSsmall,12,0.0256178,651
p2p-Gnutella08.txt,65,LSall,12,0.0339862,1000
p2p-Gnutella08.txt,65,AGE_SinOrden,11,0.0534612,1000
p2p-Gnutella08.txt,65,ES,11,0.0124883,110
p2p-Gnutella08.txt,65,BMB,11,0.0473972,1000
p2p-Gnutella08.txt,65,ILS,11,0.0104825,200
p2p-Gnutella08.txt,65,GRASP-SIBL,13,0.041478,10
p2p-Gnutella08.txt,65,GRASP-NOBL,13,0.040466,10
p2p-Gnutella08.txt,89,Random,14,0.0389426,1000
p2p-Gnutella08.txt,89,Greedy,14,0.00691378,1
p2p-Gnutella08.txt,89,LSsmall,15,0.0281643,551
p2p-Gnutella08.txt,89,LSall,15,0.038683,1000
p2p-Gnutella08.txt,89,AGE_SinOrden,10,0.0514773,1000
p2p-Gnutella08.txt,89,ES,10,0.0110992,100
p2p-Gnutella08.txt,89,BMB,10,0.0452037,1000
p2p-Gnutella08.txt,89,ILS,10,0.00982849,200
p2p-Gnutella08.txt,89,GRASP-SIBL,16,0.0391358,10
p2p-Gnutella08.txt,89,GRASP-NOBL,16,0.0379475,10
p2p-Gnutella08.txt,101,Random,13,0.0385885,1000
p2p-Gnutella08.txt,101,Greedy,14,0.00817644,1
p2p-Gnutella08.txt,101,LSsmall,15,0.0259424,576
p2p-Gnutella08.txt,101,LSall,12,0.0334625,1000
p2p-Gnutella08.txt,101,AGE_SinOrden,13,0.0820092,1000
p2p-Gnutella08.txt,101,ES,12,0.0499942,262
p2p-Gnutella08.txt,101,BMB,13,0.0681237,700
p2p-Gnutella08.txt,101,ILS,12,0.0150812,274
p2p-Gnutella08.txt,101,GRASP-SIBL,17,0.0495357,10
p2p-Gnutella08.txt,101,GRASP-NOBL,17,0.0397907,10
p2p-Gnutella08.txt,123,Random,15,0.0385528,1000
p2p-Gnutella08.txt,123,Greedy,14,0.00673062,1
p2p-Gnutella08.txt,123,LSsmall,15,0.0269248,526
p2p-Gnutella08.txt,123,LSall,15,0.0371585,1000
p2p-Gnutella08.txt,123,AGE_SinOrden,13,0.05869,1000
p2p-Gnutella08.txt,123,ES,11,0.0429287,510
p2p-Gnutella08.txt,123,BMB,10,0.0447515,1000
p2p-Gnutella08.txt,123,ILS,11,0.0115548,214
p2p-Gnutella08.txt,123,GRASP-SIBL,14,0.0404002,10
p2p-Gnutella08.txt,123,GRASP-NOBL,14,0.0426404,10
p2p-Gnutella08.txt,147,Random,15,0.0350151,1000
p2p-Gnutella08.txt,147,Greedy,14,0.00685883,1
p2p-Gnutella08.txt,147,LSsmall,15,0.0316847,751
p2p-Gnutella08.txt,147,LSall,14,0.0340367,1000
p2p-Gnutella08.txt,147,AGE_SinOrden,12,0.0570847,1000
p2p-Gnutella08.txt,147,ES,11,0.0121911,111
p2p-Gnutella08.txt,147,BMB,12,0.0514279,800
p2p-Gnutella08.txt,147,ILS,12,0.0136362,243
p2p-Gnutella08.txt,147,GRASP-SIBL,14,0.0408375,10
p2p-Gnutella08.txt,147,GRASP-NOBL,14,0.0385578,10
p2p-Gnutella08.txt,159,Random,14,0.0384123,1000
p2p-Gnutella08.txt,159,Greedy,14,0.00788479,1
p2p-Gnutella08.txt,159,LSsmall,14,0.040238,976
p2p-Gnutella08.txt,159,LSall,13,0.0345922,1000
p2p-Gnutella08.txt,159,AGE_SinOrden,10,0.0483501,1000
p2p-Gnutella08.txt,159,ES,10,0.0108791,100
p2p-Gnutella08.txt,159,BMB,10,0.0483186,1000
p2p-Gnutella08.txt,159,ILS,10,0.0101894,200
p2p-Gnutella08.txt,159,GRASP-SIBL,13,0.0416945,10
p2p-Gnutella08.txt,159,GRASP-NOBL,13,0.0457292,10
p2p-Gnutella08.txt,181,Random,14,0.0397547,1000
p2p-Gnutella08.txt,181,Greedy,14,0.0069723,1
p2p-Gnutella08.txt,181,LSsmall,12,0.0342351,951
p2p-Gnutella08.txt,181,LSall,12,0.0292851,1000
p2p-Gnutella08.txt,181,AGE_SinOrden,12,0.0512656,1000
p2p-Gnutella08.txt,181,ES,12,0.02618,230
p2p-Gnutella08.txt,181,BMB,12,0.0487967,900
p2p-Gnutella08.txt,181,ILS,12,0.013393,235
p2p-Gnutella08.txt,181,GRASP-SIBL,15,0.0379771,10
p2p-Gnutella08.txt,181,GRASP-NOBL,15,0.0401404,10
p2p-Gnutella08.txt,199,Random,14,0.0388706,1000
p2p-Gnutella08.txt,199,Greedy,14,0.00698071,1
p2p-Gnutella08.txt,199,LSsmall,14,0.0367788,951
p2p-Gnutella08.txt,199,LSall,14,0.0331997,1000
p2p-Gnutella08.txt,199,AGE_SinOrden,11,0.059239,1000
p2p-Gnutella08.txt,199,ES,11,0.0458726,437
p2p-Gnutella08.txt,199,BMB,11,0.0450843,100
p2p-Gnutella08.txt,199,ILS,11,0.0107526,206
p2p-Gnutella08.txt,199,GRASP-SIBL,12,0.0419599,10
p2p-Gnutella08.txt,199,GRASP-NOBL,13,0.0380308,10
p2p-Gnutella08.txt,213,Random,15,0.0393185,1000
p2p-Gnutella08.txt,213,Greedy,14,0.00705187,1
p2p-Gnutella08.txt,213,LSsmall,13,0.0388816,926
p2p-Gnutella08.txt,213,LSall,14,0.0327457,1000
p2p-Gnutella08.txt,213,AGE_SinOrden,10,0.0482636,1000
p2p-Gnutella08.txt,213,ES,10,0.0108198,100
p2p-Gnutella08.txt,213,BMB,10,0.0474698,1000
p2p-Gnutella08.txt,213,ILS,10,0.0103868,200
p2p-Gnutella08.txt,213,GRASP-SIBL,14,0.0419766,10
p2p-Gnutella08.txt,213,GRASP-NOBL,14,0.0603458,10
p2p-Gnutella08.txt,237,Random,14,0.0391605,1000
p2p-Gnutella08.txt,237,Greedy,14,0.00668125,1
p2p-Gnutella08.txt,237,LSsmall,12,0.0210918,526
p2p-Gnutella08.txt,237,LSall,14,0.0318142,1000
p2p-Gnutella08.txt,237,AGE_SinOrden,10,0.0516114,1000
p2p-Gnutella08.txt,237,ES,10,0.0105881,100
p2p-Gnutella08.txt,237,BMB,10,0.0463035,1000
p2p-Gnutella08.txt,237,ILS,10,0.00948245,200
p2p-Gnutella08.txt,237,GRASP-SIBL,10,0.038477,10
p2p-Gnutella08.txt,237,GRASP-NOBL,10,0.037837,10
p2p-Gnutella08.txt,251,Random,14,0.0400778,1000
p2p-Gnutella08.txt,251,Greedy,14,0.00696469,1
p2p-Gnutella08.txt,251,LSsmall,14,0.0289783,626
p2p-Gnutella08.txt,251,LSall,15,0.0372356,1000
p2p-Gnutella08.txt,251,AGE_SinOrden,10,0.0520011,1000
p2p-Gnutella08.txt,251,ES,10,0.0106214,100
p2p-Gnutella08.txt,251,BMB,10,0.0460646,1000
p2p-Gnutella08.txt,251,ILS,10,0.0100747,200
p2p-Gnutella08.txt,251,GRASP-SIBL,11,0.0380762,10
p2p-Gnutella08.txt,251,GRASP-NOBL,11,0.0423005,10
p2p-Gnutella08.txt,269,Random,14,0.0409644,1000
p2p-Gnutella08.txt,269,Greedy,14,0.00868342,1
p2p-Gnutella08.txt,269,LSsmall,14,0.0384056,876
p2p-Gnutella08.txt,269,LSall,14,0.0392973,1000
p2p-Gnutella08.txt,269,AGE_SinOrden,12,0.0501368,1000
p2p-Gnutella08.txt,269,ES,12,0.0721604,550
p2p-Gnutella08.txt,269,BMB,11,0.0477892,1000
p2p-Gnutella08.txt,269,ILS,11,0.0111098,204
p2p-Gnutella08.txt,269,GRASP-SIBL,18,0.0461983,10
p2p-Gnutella08.txt,269,GRASP-NOBL,18,0.0442351,10
p2p-Gnutella08.txt,275,Random,14,0.0342762,1000
p2p-Gnutella08.txt,275,Greedy,14,0.00646922,1
p2p-Gnutella08.txt,275,LSsmall,14,0.035005,876
p2p-Gnutella08.txt,275,LSall,14,0.032917,1000
p2p-Gnutella08.txt,275,AGE_SinOrden,10,0.0502029,1000
p2p-Gnutella08.txt,275,ES,10,0.0110647,100
p2p-Gnutella08.txt,275,BMB,10,0.047654,1000
p2p-Gnutella08.txt,275,ILS,10,0.00982498,200
p2p-Gnutella08.txt,275,GRASP-SIBL,10,0.0405929,10
p2p-Gnutella08.txt,275,GRASP-NOBL,10,0.0395798,10
p2p-Gnutella08.txt,289,Random,13,0.0388095,1000
p2p-Gnutella08.txt,289,Greedy,14,0.00748745,1
p2p-Gnutella08.txt,289,LSsmall,14,0.0381946,1000
p2p-Gnutella08.txt,289,LSall,13,0.0361963,1000
p2p-Gnutella08.txt,289,AGE_SinOrden,10,0.050662,1000
p2p-Gnutella08.txt,289,ES,10,0.0111141,100
p2p-Gnutella08.txt,289,BMB,10,0.045764,1000
p2p-Gnutella08.txt,289,ILS,10,0.010278,200
p2p-Gnutella08.txt,289,GRASP-SIBL,12,0.0385287,10
p2p-Gnutella08.txt,289,GRASP-NOBL,12,0.0416965,10
p2p-Gnutella08.txt,307,Random,14,0.039712,1000
p2p-Gnutella08.txt,307,Greedy,14,0.00669426,1
p2p-Gnutella08.txt,307,LSsmall,13,0.0300574,526
p2p-Gnutella08.txt,307,LSall,13,0.034725,1000
p2p-Gnutella08.txt,307,AGE_SinOrden,10,0.0488206,1000
p2p-Gnutella08.txt,307,ES,10,0.0109088,100
p2p-Gnutella08.txt,307,BMB,10,0.0496927,1000
p2p-Gnutella08.txt,307,ILS,10,0.00976354,200
p2p-Gnutella08.txt,307,GRASP-SIBL,14,0.0423729,10
p2p-Gnutella08.txt,307,GRASP-NOBL,14,0.0381315,10
p2p-Gnutella08.txt,333,Random,14,0.0405356,1000
p2p-Gnutella08.txt,333,Greedy,14,0.00741989,1
p2p-Gnutella08.txt,333,LSsmall,14,0.037747,1000
p2p-Gnutella08.txt,333,LSall,12,0.0318357,1000
p2p-Gnutella08.txt,333,AGE_SinOrden,10,0.0516849,1000
p2p-Gnutella08.txt,333,ES,10,0.0106631,100
p2p-Gnutella08.txt,333,BMB,10,0.0465275,1000
p2p-Gnutella08.txt,333,ILS,10,0.0106571,200
p2p-Gnutella08.txt,333,GRASP-SIBL,12,0.04049,10
p2p-Gnutella08.txt,333,GRASP-NOBL,12,0.037639,10
p2p-Gnutella08.txt,345,Random,14,0.0387691,1000
p2p-Gnutella08.txt,345,Greedy,14,0.00657382,1
p2p-Gnutella08.txt,345,LSsmall,13,0.0276412,726
p2p-Gnutella08.txt,345,LSall,14,0.0329194,1000
p2p-Gnutella08.txt,345,AGE_SinOrden,10,0.0479666,1000
p2p-Gnutella08.txt,345,ES,10,0.0110072,100
p2p-Gnutella08.txt,345,BMB,10,0.0453472,1000
p2p-Gnutella08.txt,345,ILS,10,0.0101063,200
p2p-Gnutella08.txt,345,GRASP-SIBL,10,0.0382544,10
p2p-Gnutella08.txt,345,GRASP-NOBL,10,0.0383603,10
p2p-Gnutella08.txt,369,Random,13,0.041283,1000
p2p-Gnutella08.txt,369,Greedy,14,0.00821008,1
p2p-Gnutella08.txt,369,LSsmall,15,0.0297504,526
p2p-Gnutella08.txt,369,LSall,15,0.0431422,1000
p2p-Gnutella08.txt,369,AGE_SinOrden,10,0.0505994,1000
p2p-Gnutella08.txt,369,ES,10,0.0108255,100
p2p-Gnutella08.txt,369,BMB,10,0.0498004,1000
p2p-Gnutella08.txt,369,ILS,10,0.0101879,200
p2p-Gnutella08.txt,369,GRASP-SIBL,14,0.0397882,10
p2p-Gnutella08.txt,369,GRASP-NOBL,14,0.0390034,10
p2p-Gnutella08.txt,381,Random,14,0.0485708,1000
p2p-Gnutella08.txt,381,Greedy,14,0.00906416,1
p2p-Gnutella08.txt,381,LSsmall,13,0.0351737,776
p2p-Gnutella08.txt,381,LSall,12,0.0332894,1000
p2p-Gnutella08.txt,381,AGE_SinOrden,11,0.0502174,1000
p2p-Gnutella08.txt,381,ES,11,0.0242473,227
p2p-Gnutella08.txt,381,BMB,11,0.0479101,1000
p2p-Gnutella08.txt,381,ILS,11,0.0118781,219
p2p-Gnutella08.txt,381,GRASP-SIBL,14,0.0384812,10
p2p-Gnutella08.txt,381,GRASP-NOBL,14,0.0383385,10
p2p-Gnutella08.txt,399,Random,14,0.0387025,1000
p2p-Gnutella08.txt,399,Greedy,14,0.00682343,1
p2p-Gnutella08.txt,399,LSsmall,14,0.0303969,751
p2p-Gnutella08.txt,399,LSall,14,0.0363118,1000
p2p-Gnutella08.txt,399,AGE_SinOrden,10,0.0525223,1000
p2p-Gnutella08.txt,399,ES,10,0.0109514,100
p2p-Gnutella08.txt,399,BMB,10,0.0444561,1000
p2p-Gnutella08.txt,399,ILS,10,0.00965023,200
p2p-Gnutella08.txt,399,GRASP-SIBL,12,0.0390497,10
p2p-Gnutella08.txt,399,GRASP-NOBL,12,0.0419825,10
p2p-Gnutella08.txt,421,Random,14,0.0397481,1000
p2p-Gnutella08.txt,421,Greedy,14,0.0093806,1
p2p-Gnutella08.txt,421,LSsmall,14,0.0295267,726
p2p-Gnutella08.txt,421,LSall,14,0.0380408,1000
p2p-Gnutella08.txt,421,AGE_SinOrden,11,0.0544813,1000
p2p-Gnutella08.txt,421,ES,11,0.0492532,440
p2p-Gnutella08.txt,421,BMB,11,0.0501519,1000
p2p-Gnutella08.txt,421,ILS,10,0.00971927,200
p2p-Gnutella08.txt,421,GRASP-SIBL,16,0.0421619,10
p2p-Gnutella08.txt,421,GRASP-NOBL,16,0.0545495,10
p2p-Gnutella08.txt,435,Random,14,0.0369533,1000
p2p-Gnutella08.txt,435,Greedy,14,0.00701747,1
p2p-Gnutella08.txt,435,LSsmall,13,0.027876,701
p2p-Gnutella08.txt,435,LSall,14,0.032491,1000
p2p-Gnutella08.txt,435,AGE_SinOrden,11,0.0534102,1000
p2p-Gnutella08.txt,435,ES,11,0.0284118,249
p2p-Gnutella08.txt,435,BMB,11,0.0472507,900
p2p-Gnutella08.txt,435,ILS,11,0.0122035,223
p2p-Gnutella08.txt,435,GRASP-SIBL,12,0.0385811,10
p2p-Gnutella08.txt,435,GRASP-NOBL,12,0.0413388,10
p2p-Gnutella08.txt,447,Random,14,0.0456225,1000
p2p-Gnutella08.txt,447,Greedy,14,0.00690861,1
p2p-Gnutella08.txt,447,LSsmall,14,0.0351929,901
p2p-Gnutella08.txt,447,LSall,13,0.0318292,1000
p2p-Gnutella08.txt,447,AGE_SinOrden,14,0.0612462,1000
p2p-Gnutella08.txt,447,ES,13,0.0303013,259
p2p-Gnutella08.txt,447,BMB,13,0.0483753,1000
p2p-Gnutella08.txt,447,ILS,13,0.0111092,204
p2p-Gnutella08.txt,447,GRASP-SIBL,15,0.0384121,10
p2p-Gnutella08.txt,447,GRASP-NOBL,15,0.0385867,10
p2p-Gnutella08.txt,459,Random,14,0.0378043,1000
p2p-Gnutella08.txt,459,Greedy,14,0.00980628,1
p2p-Gnutella08.txt,459,LSsmall,12,0.0218446,526
p2p-Gnutella08.txt,459,LSall,12,0.0315979,1000
p2p-Gnutella08.txt,459,AGE_SinOrden,11,0.053423,1000
p2p-Gnutella08.txt,459,ES,11,0.0138681,102
p2p-Gnutella08.txt,459,BMB,11,0.0487166,1000
p2p-Gnutella08.txt,459,ILS,11,0.0102889,200
p2p-Gnutella08.txt,459,GRASP-SIBL,14,0.0403217,10
p2p-Gnutella08.txt,459,GRASP-NOBL,14,0.0410452,10
p2p-Gnutella08.txt,471,Random,14,0.0470726,1000
p2p-Gnutella08.txt,471,Greedy,14,0.00693474,1
p2p-Gnutella08.txt,471,LSsmall,14,0.0293724,676
p2p-Gnutella08.txt,471,LSall,13,0.0337085,1000
p2p-Gnutella08.txt,471,AGE_SinOrden,11,0.0500926,1000
p2p-Gnutella08.txt,471,ES,11,0.0115092,104
p2p-Gnutella08.txt,471,BMB,11,0.0469663,1000
p2p-Gnutella08.txt,471,ILS,11,0.0108012,201
p2p-Gnutella08.txt,471,GRASP-SIBL,12,0.0385548,10
p2p-Gnutella08.txt,471,GRASP-NOBL,12,0.0384002,10
p2p-Gnutella08.txt,487,Random,14,0.0366695,1000
p2p-Gnutella08.txt,487,Greedy,14,0.00677544,1
p2p-Gnutella08.txt,487,LSsmall,12,0.0213555,501
p2p-Gnutella08.txt,487,LSall,13,0.0329429,1000
p2p-Gnutella08.txt,487,AGE_SinOrden,12,0.0510975,1000
p2p-Gnutella08.txt,487,ES,12,0.0130535,115
p2p-Gnutella08.txt,487,BMB,12,0.0507062,1000
p2p-Gnutella08.txt,487,ILS,12,0.0104831,200
p2p-Gnutella08.txt,487,GRASP-SIBL,16,0.0391682,10
p2p-Gnutella08.txt,487,GRASP-NOBL,16,0.0384545,10
p2p-Gnutella08.txt,499,Random,14,0.0408328,1000
p2p-Gnutella08.txt,499,Greedy,14,0.00712482,1
p2p-Gnutella08.txt,499,LSsmall,12,0.0260383,626
p2p-Gnutella08.txt,499,LSall,12,0.0324226,1000
p2p-Gnutella08.txt,499,AGE_SinOrden,11,0.0527869,1000
p2p-Gnutella08.txt,499,ES,10,0.0122491,100
p2p-Gnutella08.txt,499,BMB,10,0.0472249,1000
p2p-Gnutella08.txt,499,ILS,10,0.0107594,200
p2p-Gnutella08.txt,499,GRASP-SIBL,14,0.0399731,10
p2p-Gnutella08.txt,499,GRASP-NOBL,14,0.0379754,10
p2p-Gnutella25.txt,13,Random,14,0.0469656,1000
p2p-Gnutella25.txt,13,Greedy,16,0.0217058,1
p2p-Gnutella25.txt,13,LSsmall,13,0.0397176,526
p2p-Gnutella25.txt,13,LSall,13,0.0431347,1000
p2p-Gnutella25.txt,13,AGE_SinOrden,11,0.131748,1000
p2p-Gnutella25.txt,13,ES,10,0.0348371,100
p2p-Gnutella25.txt,13,BMB,10,0.0991915,1000
p2p-Gnutella25.txt,13,ILS,10,0.0226727,200
p2p-Gnutella25.txt,13,GRASP-NOBL,15,0.1569,10
p2p-Gnutella25.txt,25,Random,14,0.0504853,1000
p2p-Gnutella25.txt,25,Greedy,16,0.0225305,1
p2p-Gnutella25.txt,25,LSsmall,15,0.0445611,626
p2p-Gnutella25.txt,25,LSall,15,0.0436482,1000
p2p-Gnutella25.txt,25,AGE_SinOrden,10,0.10598,1000
p2p-Gnutella25.txt,25,ES,10,0.0325458,100
p2p-Gnutella25.txt,25,BMB,10,0.102791,1000
p2p-Gnutella25.txt,25,ILS,10,0.0236919,200
p2p-Gnutella25.txt,25,GRASP-SIBL,14,0.150944,10
p2p-Gnutella25.txt,25,GRASP-NOBL,13,0.141782,10
p2p-Gnutella25.txt,45,Random,13,0.0503865,1000
p2p-Gnutella25.txt,45,Greedy,16,0.0192716,1
p2p-Gnutella25.txt,45,LSsmall,12,0.0364812,526
p2p-Gnutella25.txt,45,LSall,13,0.0485709,1000
p2p-Gnutella25.txt,45,AGE_SinOrden,11,0.106589,1000
p2p-Gnutella25.txt,45,ES,11,0.0441166,132
p2p-Gnutella25.txt,45,BMB,11,0.10182,1000
p2p-Gnutella25.txt,45,ILS,11,0.0249486,204
p2p-Gnutella25.txt,45,GRASP-SIBL,17,0.14978,10
p2p-Gnutella25.txt,45,GRASP-NOBL,17,0.15108,10
p2p-Gnutella25.txt,65,Random,13,0.0511991,1000
p2p-Gnutella25.txt,65,Greedy,16,0.0184362,1
p2p-Gnutella25.txt,65,LSsmall,13,0.0420352,601
p2p-Gnutella25.txt,65,LSall,12,0.0557322,1000
p2p-Gnutella25.txt,65,AGE_SinOrden,11,0.111879,1000
p2p-Gnutella25.txt,65,ES,11,0.0998356,292
p2p-Gnutella25.txt,65,BMB,11,0.096718,1000
p2p-Gnutella25.txt,65,ILS,11,0.0224049,205
p2p-Gnutella25.txt,65,GRASP-SIBL,13,0.150325,10
p2p-Gnutella25.txt,65,GRASP-NOBL,13,0.160309,10
p2p-Gnutella25.txt,89,Random,13,0.049179,1000
p2p-Gnutella25.txt,89,Greedy,16,0.0175361,1
p2p-Gnutella25.txt,89,LSsmall,13,0.0532648,1000
p2p-Gnutella25.txt,89,LSall,12,0.0423269,1000
p2p-Gnutella25.txt,89,AGE_SinOrden,10,0.112151,1000
p2p-Gnutella25.txt,89,ES,10,0.0319241,100
p2p-Gnutella25.txt,89,BMB,10,0.10594,1000
p2p-Gnutella25.txt,89,ILS,10,0.0243294,200
p2p-Gnutella25.txt,89,GRASP-SIBL,16,0.147713,10
p2p-Gnutella25.txt,89,GRASP-NOBL,16,0.140578,10
p2p-Gnutella25.txt,101,Random,13,0.0432968,1000
p2p-Gnutella25.txt,101,Greedy,16,0.0203865,1
p2p-Gnutella25.txt,101,LSsmall,13,0.0389194,551
p2p-Gnutella25.txt,101,LSall,15,0.0461129,1000
p2p-Gnutella25.txt,101,AGE_SinOrden,12,0.105965,1000
p2p-Gnutella25.txt,101,ES,12,0.265115,735
p2p-Gnutella25.txt,101,BMB,12,0.10997,1000
p2p-Gnutella25.txt,101,ILS,12,0.0262675,223
p2p-Gnutella25.txt,101,GRASP-SIBL,17,0.145195,10
p2p-Gnutella25.txt,101,GRASP-NOBL,17,0.144221,10
p2p-Gnutella25.txt,123,Random,14,0.0473281,1000
p2p-Gnutella25.txt,123,Greedy,16,0.0210781,1
p2p-Gnutella25.txt,123,LSsmall,12,0.0496184,876
p2p-Gnutella25.txt,123,LSall,12,0.0395158,1000
p2p-Gnutella25.txt,123,AGE_SinOrden,11,0.124512,1000
p2p-Gnutella25.txt,123,ES,10,0.0342018,100
p2p-Gnutella25.txt,123,BMB,11,0.0984196,400
p2p-Gnutella25.txt,123,ILS,11,0.0313093,242
p2p-Gnutella25.txt,123,GRASP-SIBL,14,0.145691,10
p2p-Gnutella25.txt,123,GRASP-NOBL,14,0.152111,10
p2p-Gnutella25.txt,147,Random,13,0.0491676,1000
p2p-Gnutella25.txt,147,Greedy,16,0.0202517,1
p2p-Gnutella25.txt,147,LSsmall,13,0.0353747,526
p2p-Gnutella25.txt,147,LSall,13,0.0379656,1000
p2p-Gnutella25.txt,147,AGE_SinOrden,12,0.0972225,1000
p2p-Gnutella25.txt,147,ES,12,0.24497,730
p2p-Gnutella25.txt,147,BMB,11,0.0901071,1000
p2p-Gnutella25.txt,147,ILS,11,0.0217709,200
p2p-Gnutella25.txt,147,GRASP-SIBL,14,0.144727,10
p2p-Gnutella25.txt,147,GRASP-NOBL,14,0.143487,10
p2p-Gnutella25.txt,159,Random,14,0.0477568,1000
p2p-Gnutella25.txt,159,Greedy,16,0.0189304,1
p2p-Gnutella25.txt,159,LSsmall,12,0.0424065,576
p2p-Gnutella25.txt,159,LSall,12,0.0413189,1000
p2p-Gnutella25.txt,159,AGE_SinOrden,10,0.141928,1000
p2p-Gnutella25.txt,159,ES,10,0.0485939,100
p2p-Gnutella25.txt,159,BMB,10,0.115176,1000
p2p-Gnutella25.txt,159,ILS,10,0.0222336,200
p2p-Gnutella25.txt,159,GRASP-SIBL,13,0.141379,10
p2p-Gnutella25.txt,159,GRASP-NOBL,13,0.14308,10
p2p-Gnutella25.txt,181,Random,14,0.0509737,1000
p2p-Gnutella25.txt,181,Greedy,16,0.0186416,1
p2p-Gnutella25.txt,181,LSsmall,12,0.0456323,801
p2p-Gnutella25.txt,181,LSall,12,0.0354413,1000
p2p-Gnutella25.txt,181,AGE_SinOrden,11,0.120898,1000
p2p-Gnutella25.txt,181,ES,11,0.0361371,104
p2p-Gnutella25.txt,181,BMB,11,0.0987528,1000
p2p-Gnutella25.txt,181,ILS,11,0.0231101,200
p2p-Gnutella25.txt,181,GRASP-SIBL,16,0.144819,10
p2p-Gnutella25.txt,181,GRASP-NOBL,16,0.14358,10
p2p-Gnutella25.txt,199,Random,14,0.047875,1000
p2p-Gnutella25.txt,199,Greedy,16,0.0187125,1
p2p-Gnutella25.txt,199,LSsmall,12,0.0442103,801
p2p-Gnutella25.txt,199,LSall,12,0.0348403,1000
p2p-Gnutella25.txt,199,AGE_SinOrden,11,0.10184,1000
p2p-Gnutella25.txt,199,ES,10,0.0312588,100
p2p-Gnutella25.txt,199,BMB,10,0.0989471,1000
p2p-Gnutella25.txt,199,ILS,10,0.0202224,200
p2p-Gnutella25.txt,199,GRASP-SIBL,13,0.142734,10
p2p-Gnutella25.txt,199,GRASP-NOBL,13,0.142223,10
p2p-Gnutella25.txt,213,Random,13,0.0475259,1000
p2p-Gnutella25.txt,213,Greedy,16,0.0228594,1
p2p-Gnutella25.txt,213,LSsmall,14,0.0612235,926
p2p-Gnutella25.txt,213,LSall,13,0.0440471,1000
p2p-Gnutella25.txt,213,AGE_SinOrden,10,0.105386,1000
p2p-Gnutella25.txt,213,ES,10,0.032456,100
p2p-Gnutella25.txt,213,BMB,10,0.101808,1000
p2p-Gnutella25.txt,213,ILS,10,0.0214427,200
p2p-Gnutella25.txt,213,GRASP-SIBL,14,0.151902,10
p2p-Gnutella25.txt,213,GRASP-NOBL,14,0.146233,10
p2p-Gnutella25.txt,237,Random,13,0.0515301,1000
p2p-Gnutella25.txt,237,Greedy,16,0.0186493,1
p2p-Gnutella25.txt,237,LSsmall,14,0.0570493,901
p2p-Gnutella25.txt,237,LSall,14,0.0474509,1000
p2p-Gnutella25.txt,237,AGE_SinOrden,10,0.104608,1000
p2p-Gnutella25.txt,237,ES,10,0.049153,100
p2p-Gnutella25.txt,237,BMB,10,0.112105,1000
p2p-Gnutella25.txt,237,ILS,10,0.0213546,200
p2p-Gnutella25.txt,237,GRASP-SIBL,10,0.146774,10
p2p-Gnutella25.txt,237,GRASP-NOBL,10,0.146836,10
p2p-Gnutella25.txt,251,Random,13,0.0507218,1000
p2p-Gnutella25.txt,251,Greedy,16,0.019886,1
p2p-Gnutella25.txt,251,LSsmall,13,0.0560119,926
p2p-Gnutella25.txt,251,LSall,13,0.0441002,1000
p2p-Gnutella25.txt,251,AGE_SinOrden,10,0.105812,1000
p2p-Gnutella25.txt,251,ES,10,0.0325141,100
p2p-Gnutella25.txt,251,BMB,10,0.0974011,1000
p2p-Gnutella25.txt,251,ILS,10,0.0236348,200
p2p-Gnutella25.txt,251,GRASP-SIBL,12,0.142364,10
p2p-Gnutella25.txt,251,GRASP-NOBL,12,0.140835,10
p2p-Gnutella25.txt,269,Random,14,0.0493296,1000
p2p-Gnutella25.txt,269,Greedy,16,0.0198717,1
p2p-Gnutella25.txt,269,LSsmall,12,0.04887,726
p2p-Gnutella25.txt,269,LSall,13,0.0415939,1000
p2p-Gnutella25.txt,269,AGE_SinOrden,12,0.109322,1000
p2p-Gnutella25.txt,269,ES,11,0.0357156,108
p2p-Gnutella25.txt,269,BMB,12,0.108156,900
p2p-Gnutella25.txt,269,ILS,11,0.024952,212
p2p-Gnutella25.txt,269,GRASP-SIBL,20,0.150611,10
p2p-Gnutella25.txt,269,GRASP-NOBL,20,0.140969,10
p2p-Gnutella25.txt,275,Random,13,0.048039,1000
p2p-Gnutella25.txt,275,Greedy,16,0.0216697,1
p2p-Gnutella25.txt,275,LSsmall,12,0.0425974,701
p2p-Gnutella25.txt,275,LSall,12,0.0477519,1000
p2p-Gnutella25.txt,275,AGE_SinOrden,10,0.108594,1000
p2p-Gnutella25.txt,275,ES,10,0.0319274,100
p2p-Gnutella25.txt,275,BMB,10,0.0952142,1000
p2p-Gnutella25.txt,275,ILS,10,0.0211348,200
p2p-Gnutella25.txt,275,GRASP-SIBL,10,0.144631,10
p2p-Gnutella25.txt,275,GRASP-NOBL,10,0.142827,10
p2p-Gnutella25.txt,289,Random,13,0.0510778,1000
p2p-Gnutella25.txt,289,Greedy,16,0.0196432,1
p2p-Gnutella25.txt,289,LSsmall,14,0.0523259,851
p2p-Gnutella25.txt,289,LSall,13,0.0410732,1000
p2p-Gnutella25.txt,289,AGE_SinOrden,10,0.108349,1000
p2p-Gnutella25.txt,289,ES,10,0.0322151,100
p2p-Gnutella25.txt,289,BMB,10,0.106799,1000
p2p-Gnutella25.txt,289,ILS,10,0.0226057,200
p2p-Gnutella25.txt,289,GRASP-SIBL,13,0.145943,10
p2p-Gnutella25.txt,289,GRASP-NOBL,12,0.148187,10
p2p-Gnutella25.txt,307,Random,13,0.0526535,1000
p2p-Gnutella25.txt,307,Greedy,16,0.0217207,1
p2p-Gnutella25.txt,307,LSsmall,12,0.0434834,676
p2p-Gnutella25.txt,307,LSall,12,0.0402129,1000
p2p-Gnutella25.txt,307,AGE_SinOrden,10,0.10283,1000
p2p-Gnutella25.txt,307,ES,10,0.0333541,100
p2p-Gnutella25.txt,307,BMB,10,0.0968374,1000
p2p-Gnutella25.txt,307,ILS,10,0.0258869,200
p2p-Gnutella25.txt,307,GRASP-SIBL,16,0.141848,10
p2p-Gnutella25.txt,307,GRASP-NOBL,16,0.147443,10
p2p-Gnutella25.txt,333,Random,13,0.055314,1000
p2p-Gnutella25.txt,333,Greedy,16,0.0232497,1
p2p-Gnutella25.txt,333,LSsmall,14,0.0593988,1000
p2p-Gnutella25.txt,333,LSall,12,0.0407162,1000
p2p-Gnutella25.txt,333,AGE_SinOrden,10,0.100397,1000
p2p-Gnutella25.txt,333,ES,10,0.0321011,100
p2p-Gnutella25.txt,333,BMB,10,0.0975354,1000
p2p-Gnutella25.txt,333,ILS,10,0.0205617,200
p2p-Gnutella25.txt,333,GRASP-SIBL,12,0.140626,10
p2p-Gnutella25.txt,333,GRASP-NOBL,12,0.142729,10
p2p-Gnutella25.txt,345,Random,14,0.0480752,1000
p2p-Gnutella25.txt,345,Greedy,16,0.0192058,1
p2p-Gnutella25.txt,345,LSsmall,12,0.0425433,651
p2p-Gnutella25.txt,345,LSall,13,0.0414059,1000
p2p-Gnutella25.txt,345,AGE_SinOrden,10,0.100313,1000
p2p-Gnutella25.txt,345,ES,10,0.0327633,100
p2p-Gnutella25.txt,345,BMB,10,0.0961274,1000
p2p-Gnutella25.txt,345,ILS,10,0.021803,200
p2p-Gnutella25.txt,345,GRASP-SIBL,10,0.14439,10
p2p-Gnutella25.txt,345,GRASP-NOBL,10,0.145334,10
p2p-Gnutella25.txt,369,Random,13,0.0515257,1000
p2p-Gnutella25.txt,369,Greedy,16,0.018078,1
p2p-Gnutella25.txt,369,LSsmall,12,0.0405902,626
p2p-Gnutella25.txt,369,LSall,12,0.0399769,1000
p2p-Gnutella25.txt,369,AGE_SinOrden,10,0.100877,1000
p2p-Gnutella25.txt,369,ES,10,0.0318391,100
p2p-Gnutella25.txt,369,BMB,10,0.103677,1000
p2p-Gnutella25.txt,369,ILS,10,0.0214802,200
p2p-Gnutella25.txt,369,GRASP-SIBL,17,0.139146,10
p2p-Gnutella25.txt,369,GRASP-NOBL,17,0.142368,10
p2p-Gnutella25.txt,381,Random,14,0.0535767,1000
p2p-Gnutella25.txt,381,Greedy,16,0.0211733,1
p2p-Gnutella25.txt,381,LSsmall,13,0.0538197,826
p2p-Gnutella25.txt,381,LSall,12,0.0415046,1000
p2p-Gnutella25.txt,381,AGE_SinOrden,12,0.102905,1000
p2p-Gnutella25.txt,381,ES,11,0.0914475,253
p2p-Gnutella25.txt,381,BMB,11,0.107101,1000
p2p-Gnutella25.txt,381,ILS,11,0.0234352,208
p2p-Gnutella25.txt,381,GRASP-SIBL,14,0.154155,10
p2p-Gnutella25.txt,381,GRASP-NOBL,14,0.157508,10
p2p-Gnutella25.txt,399,Random,13,0.0465515,1000
p2p-Gnutella25.txt,399,Greedy,16,0.0203221,1
p2p-Gnutella25.txt,399,LSsmall,12,0.0651219,576
p2p-Gnutella25.txt,399,LSall,14,0.0433241,1000
p2p-Gnutella25.txt,399,AGE_SinOrden,10,0.102926,1000
p2p-Gnutella25.txt,399,ES,10,0.0313221,100
p2p-Gnutella25.txt,399,BMB,10,0.100071,1000
p2p-Gnutella25.txt,399,ILS,10,0.0213872,200
p2p-Gnutella25.txt,399,GRASP-SIBL,13,0.146614,10
p2p-Gnutella25.txt,399,GRASP-NOBL,13,0.151304,10
p2p-Gnutella25.txt,421,Random,13,0.0479364,1000
p2p-Gnutella25.txt,421,Greedy,16,0.0195605,1
p2p-Gnutella25.txt,421,LSsmall,13,0.0481772,726
p2p-Gnutella25.txt,421,LSall,14,0.0424549,1000
p2p-Gnutella25.txt,421,AGE_SinOrden,11,0.108409,1000
p2p-Gnutella25.txt,421,ES,10,0.0325987,100
p2p-Gnutella25.txt,421,BMB,10,0.0978531,1000
p2p-Gnutella25.txt,421,ILS,10,0.0233426,200
p2p-Gnutella25.txt,421,GRASP-SIBL,17,0.152269,10
p2p-Gnutella25.txt,421,GRASP-NOBL,17,0.148964,10
p2p-Gnutella25.txt,435,Random,13,0.0467734,1000
p2p-Gnutella25.txt,435,Greedy,16,0.0192568,1
p2p-Gnutella25.txt,435,LSsmall,13,0.043724,701
p2p-Gnutella25.txt,435,LSall,13,0.0434975,1000
p2p-Gnutella25.txt,435,AGE_SinOrden,11,0.109191,1000
p2p-Gnutella25.txt,435,ES,11,0.179865,378
p2p-Gnutella25.txt,435,BMB,11,0.102893,900
p2p-Gnutella25.txt,435,ILS,11,0.0303147,244
p2p-Gnutella25.txt,435,GRASP-SIBL,12,0.141561,10
p2p-Gnutella25.txt,435,GRASP-NOBL,12,0.146349,10
p2p-Gnutella25.txt,447,Random,13,0.0530461,1000
p2p-Gnutella25.txt,447,Greedy,16,0.0200078,1
p2p-Gnutella25.txt,447,LSsmall,14,0.0486867,701
p2p-Gnutella25.txt,447,LSall,14,0.0460719,1000
p2p-Gnutella25.txt,447,AGE_SinOrden,13,0.12231,1000
p2p-Gnutella25.txt,447,ES,13,0.199932,603
p2p-Gnutella25.txt,447,BMB,13,0.108273,1000
p2p-Gnutella25.txt,447,ILS,13,0.0321027,229
p2p-Gnutella25.txt,447,GRASP-SIBL,17,0.153149,10
p2p-Gnutella25.txt,447,GRASP-NOBL,17,0.143174,10
p2p-Gnutella25.txt,459,Random,13,0.0516312,1000
p2p-Gnutella25.txt,459,Greedy,16,0.0189836,1
p2p-Gnutella25.txt,459,LSsmall,13,0.0467684,676
p2p-Gnutella25.txt,459,LSall,12,0.0395595,1000
p2p-Gnutella25.txt,459,AGE_SinOrden,11,0.112532,1000
p2p-Gnutella25.txt,459,ES,11,0.0505464,139
p2p-Gnutella25.txt,459,BMB,11,0.109047,1000
p2p-Gnutella25.txt,459,ILS,11,0.0258434,216
p2p-Gnutella25.txt,459,GRASP-SIBL,15,0.148007,10
p2p-Gnutella25.txt,459,GRASP-NOBL,15,0.14308,10
p2p-Gnutella25.txt,471,Random,12,0.0428508,1000
p2p-Gnutella25.txt,471,Greedy,16,0.0191608,1
p2p-Gnutella25.txt,471,LSsmall,13,0.0511697,851
p2p-Gnutella25.txt,471,LSall,14,0.0404936,1000
p2p-Gnutella25.txt,471,AGE_SinOrden,11,0.105245,1000
p2p-Gnutella25.txt,471,ES,11,0.0336635,105
p2p-Gnutella25.txt,471,BMB,11,0.106128,1000
p2p-Gnutella25.txt,471,ILS,11,0.0238239,200
p2p-Gnutella25.txt,471,GRASP-SIBL,12,0.14054,10
p2p-Gnutella25.txt,471,GRASP-NOBL,12,0.145561,10
p2p-Gnutella25.txt,487,Random,14,0.0465204,1000
p2p-Gnutella25.txt,487,Greedy,16,0.018269,1
p2p-Gnutella25.txt,487,LSsmall,13,0.0468454,651
p2p-Gnutella25.txt,487,LSall,13,0.0470566,1000
p2p-Gnutella25.txt,487,AGE_SinOrden,12,0.113969,1000
p2p-Gnutella25.txt,487,ES,12,0.0710342,215
p2p-Gnutella25.txt,487,BMB,12,0.113855,1000
p2p-Gnutella25.txt,487,ILS,12,0.0245837,206
p2p-Gnutella25.txt,487,GRASP-SIBL,17,0.137397,10
p2p-Gnutella25.txt,487,GRASP-NOBL,16,0.155411,10
p2p-Gnutella25.txt,499,Random,13,0.0469256,1000
p2p-Gnutella25.txt,499,Greedy,16,0.0235214,1
p2p-Gnutella25.txt,499,LSsmall,14,0.0536034,851
p2p-Gnutella25.txt,499,LSall,14,0.0480048,1000
p2p-Gnutella25.txt,499,AGE_SinOrden,10,0.1018,1000
p2p-Gnutella25.txt,499,ES,10,0.0321761,100
p2p-Gnutella25.txt,499,BMB,10,0.0983145,1000
p2p-Gnutella25.txt,499,ILS,10,0.0297206,200
p2p-Gnutella25.txt,499,GRASP-SIBL,15,0.145097,10
p2p-Gnutella25.txt,499,GRASP-NOBL,15,0.140877,10
